pred,name
0.99582833,TCGA-56-8628-01Z-00-DX1
0.00072103523,TCGA-55-8094-01Z-00-DX1
